{
	"795d1347-6d0a-3ed7-a340-383b202e4d86": 
		{
		"texture": "dark_goggles"
		},
	"7b5eba12-eea5-3b0f-968b-cf8578bee45b": 
		{
		"texture": "goldor_helmet"
		},
	"ee05abe4-347b-3ea5-8248-fae93392140e": 
		{
		"texture": "maxor_helmet"
		},
	"63fcdb3b-2514-3e8b-b259-3acfd4aad50a": 
		{
		"texture": "mender_crown"
		},
	"57893e0f-a314-32fc-ab99-4c4e6cb20f07": 
		{
		"texture": "mender_fedora"
		},
	"4a3fc537-0fd3-3e3a-ab1b-cc5b7ed581db": 
		{
		"texture": "mender_helmet"
		},
	"16b91b55-02b7-3315-bd9a-7da8467e4a96": 
		{
		"texture": "necron_helmet"
		},
	"e23b008e-298b-3219-9670-a36b72cf76de": 
		{
		"texture": "shadow_goggles"
		},
	"a3552cdc-39ab-3f9f-9373-61c035f61b7d": 
		{
		"texture": "storm_helmet"
		},
	"4f6eef4a-c9f2-3f84-832b-a94b89a3e167": 
		{
		"texture": "warden_helmet"
		},
	"a4baabfd-565a-33f1-a52b-b120cb7c749b": 
		{
		"texture": "wither_goggles"
		},
	"cf225c71-a676-30a0-90da-75907b9a99d0": 
		{
		"texture": "wither_helmet"
		}
}