{
    "parent": "builtin/generated",
    "textures": {
        "layer0": "mcpatcher/cit/swords/giantssword"
    },
   "display": {
        "thirdperson": {
            "rotation": [ 0, 90, -35 ],
            "translation": [ 0, 0.5, -11 ],
            "scale": [ 2.75, 2.75, 2.75 ]
        },
        "firstperson": {
            "rotation": [ 0, -135, 25 ],
            "translation": [ 2, -0, 1 ],
            "scale": [ 3, 3, 3 ]
        },
        "gui": {
            "scale": [ 1, 1, 1]
        }
    }
}