{
    "parent": "block/orientable",
    "textures": {
        "top": "/mcpatcher/cit/armor/full_sets/normal_sets/glacite_armor/glacite_helmet_top.png",
        "front": "mcpatcher/cit/armor/full_sets/normal_sets/glacite_armor/glacite_helmet_front.png",
        "side": "mcpatcher/cit/armor/full_sets/normal_sets/glacite_armor/glacite_helmet_side.png"
    },
    "display": {
        "thirdperson": {
            "rotation": [ 10, -45, 170 ],
            "translation": [ 0, 1.5, -2.75 ],
            "scale": [ 0.375, 0.375, 0.375 ]
        },
        "gui": {
            "rotation": [ 0, 0, 0 ],
            "scale": [ 0.7, 0.7, 0.7 ]
        }
    }
}
