{
    "parent": "builtin/generated",
    "textures": {
        "layer0": "mcpatcher/cit/item/tools/drills/mithril_drill_sx_226/mithril_drill_sx_226.png"
    },
    "display": {
        "thirdperson": {
            "rotation": [ 0, 90, -45 ],
            "translation": [ 0, 4, -0.5 ],
            "scale": [ 1, 1, 1 ]
        },
        "firstperson": {
            "rotation": [ 0, -135, 25 ],
            "translation": [ 0, 4, 2 ],
            "scale": [ 1.7, 1.7, 1.7 ]
        }
    }
}
