{
	"credit": "Made with Blockbench",
	"texture_size": [64, 64],
	"textures": {
		"1": "./snow_blaster"
	},
	"elements": [
		{
			"name": "trigger2",
			"from": [7.5, 5, 9],
			"to": [8.5, 9, 10],
			"rotation": {"angle": -22.5, "axis": "x", "origin": [8, 5, 9]},
			"faces": {
				"north": {"uv": [0, 0, 1, 0.25], "rotation": 90, "texture": "#1"},
				"east": {"uv": [0, 0, 1, 0.25], "rotation": 90, "texture": "#1"},
				"south": {"uv": [0, 0, 1, 0.25], "rotation": 90, "texture": "#1"},
				"west": {"uv": [0, 0, 1, 0.25], "rotation": 90, "texture": "#1"}
			}
		},
		{
			"name": "trigger1",
			"from": [7.5, 5, 9],
			"to": [8.5, 6, 12],
			"rotation": {"angle": 0, "axis": "y", "origin": [8, 5, 9]},
			"faces": {
				"east": {"uv": [0.25, 0, 1, 0.25], "texture": "#1"},
				"west": {"uv": [0.25, 0, 1, 0.25], "rotation": 180, "texture": "#1"},
				"up": {"uv": [0.25, 0, 1, 0.25], "rotation": 270, "texture": "#1"},
				"down": {"uv": [0.25, 0, 1, 0.25], "rotation": 90, "texture": "#1"}
			}
		},
		{
			"name": "handle",
			"from": [7, 1, 11],
			"to": [9, 8, 13],
			"rotation": {"angle": -22.5, "axis": "x", "origin": [8, 6.5, 12.5]},
			"faces": {
				"north": {"uv": [0, 4, 1.75, 4.5], "rotation": 90, "texture": "#1"},
				"east": {"uv": [0, 4.5, 1.75, 5], "rotation": 90, "texture": "#1"},
				"south": {"uv": [0, 5, 1.75, 5.5], "rotation": 90, "texture": "#1"},
				"west": {"uv": [0, 5.5, 1.75, 6], "rotation": 90, "texture": "#1"},
				"down": {"uv": [0, 6, 0.5, 6.5], "rotation": 90, "texture": "#1"}
			}
		},
		{
			"name": "base",
			"from": [6.5, 7, 3],
			"to": [9.5, 10, 14],
			"rotation": {"angle": 0, "axis": "x", "origin": [8.5, 8, 8]},
			"faces": {
				"north": {"uv": [7.5, 4, 8.25, 4.75], "texture": "#1"},
				"east": {"uv": [4.75, 4.75, 7.5, 5.5], "texture": "#1"},
				"south": {"uv": [7.5, 4.75, 8.25, 5.5], "texture": "#1"},
				"west": {"uv": [4.75, 6.25, 7.5, 7], "texture": "#1"},
				"up": {"uv": [4.75, 4, 7.5, 4.75], "rotation": 90, "texture": "#1"},
				"down": {"uv": [4.75, 5.5, 7.5, 6.25], "rotation": 90, "texture": "#1"}
			}
		},
		{
			"name": "grip",
			"from": [7.5, 3, 3.2],
			"to": [8.5, 7, 4.2],
			"rotation": {"angle": 0, "axis": "y", "origin": [7.49651, 5.50699, 3.49651]},
			"faces": {
				"north": {"uv": [0, 0.5, 1, 0.75], "rotation": 270, "texture": "#1"},
				"east": {"uv": [0, 0.5, 1, 0.75], "rotation": 270, "texture": "#1"},
				"south": {"uv": [0, 0.5, 1, 0.75], "rotation": 270, "texture": "#1"},
				"west": {"uv": [0, 0.5, 1, 0.75], "rotation": 270, "texture": "#1"},
				"up": {"uv": [0.75, 0.5, 1, 0.75], "rotation": 270, "texture": "#1"},
				"down": {"uv": [0, 0.5, 0.25, 0.75], "rotation": 270, "texture": "#1"}
			}
		},
		{
			"name": "extension",
			"from": [7, 7.5, -8],
			"to": [9, 9.5, 2],
			"rotation": {"angle": 0, "axis": "y", "origin": [7.98953, 8.5096, 2.50089]},
			"faces": {
				"north": {"uv": [4.25, 4, 4.75, 4.5], "texture": "#1"},
				"east": {"uv": [1.75, 4.5, 4.25, 5], "texture": "#1"},
				"south": {"uv": [4.25, 4.5, 4.75, 5], "texture": "#1"},
				"west": {"uv": [1.75, 5.5, 4.25, 6], "rotation": 180, "texture": "#1"},
				"up": {"uv": [1.75, 4, 4.25, 4.5], "rotation": 270, "texture": "#1"},
				"down": {"uv": [1.75, 5, 4.25, 5.5], "rotation": 90, "texture": "#1"}
			}
		},
		{
			"name": "extension",
			"from": [7.2, 7.7, -8.01],
			"to": [8.8, 9.3, -8.01],
			"rotation": {"angle": 0, "axis": "y", "origin": [7.98953, 8.5096, 2.50089]},
			"faces": {
				"north": {"uv": [0, 0.75, 0.25, 1], "texture": "#1"}
			}
		},
		{
			"name": "connect",
			"from": [7.25, 7.75, 2],
			"to": [8.75, 9.25, 3],
			"rotation": {"angle": 45, "axis": "z", "origin": [7.98953, 8.5096, 2.50089]},
			"faces": {
				"north": {"uv": [4.25, 5, 4.5, 5.25], "texture": "#1"},
				"east": {"uv": [4.25, 5, 4.5, 5.25], "texture": "#1"},
				"west": {"uv": [4.25, 5, 4.5, 5.25], "texture": "#1"},
				"up": {"uv": [4.25, 5, 4.5, 5.25], "texture": "#1"},
				"down": {"uv": [4.25, 5, 4.5, 5.25], "texture": "#1"}
			}
		},
		{
			"name": "connect",
			"from": [7.25, 7.75, 14],
			"to": [8.75, 9.25, 15],
			"rotation": {"angle": 45, "axis": "z", "origin": [7.98953, 8.5096, 2.50089]},
			"faces": {
				"east": {"uv": [4.5, 5, 4.75, 5.25], "texture": "#1"},
				"west": {"uv": [4.5, 5, 4.75, 5.25], "texture": "#1"},
				"up": {"uv": [4.5, 5, 4.75, 5.25], "texture": "#1"},
				"down": {"uv": [4.5, 5, 4.75, 5.25], "texture": "#1"}
			}
		},
		{
			"name": "base",
			"from": [6.5, 7, 15],
			"to": [9.5, 10, 24],
			"rotation": {"angle": 0, "axis": "x", "origin": [8.5, 8, 8]},
			"faces": {
				"north": {"uv": [10.5, 4, 11.25, 4.75], "texture": "#1"},
				"east": {"uv": [8.25, 4.75, 10.5, 5.5], "texture": "#1"},
				"south": {"uv": [10.5, 4.75, 11.25, 5.5], "texture": "#1"},
				"west": {"uv": [8.25, 6.25, 10.5, 7], "rotation": 180, "texture": "#1"},
				"up": {"uv": [8.25, 4, 10.5, 4.75], "rotation": 270, "texture": "#1"},
				"down": {"uv": [8.25, 5.5, 10.5, 6.25], "rotation": 90, "texture": "#1"}
			}
		},
		{
			"name": "base",
			"from": [6.55, 4, 16.2],
			"to": [9.45, 7, 24],
			"rotation": {"angle": 22.5, "axis": "x", "origin": [8.5, 7, 24]},
			"faces": {
				"east": {"uv": [11.25, 4, 13.2, 4.75], "rotation": 180, "texture": "#1"},
				"south": {"uv": [13.25, 4, 14, 4.75], "texture": "#1"},
				"west": {"uv": [11.25, 5.5, 13.2, 6.25], "texture": "#1"},
				"down": {"uv": [11.25, 4.75, 13.2, 5.5], "rotation": 270, "texture": "#1"}
			}
		},
		{
			"from": [7.5, 10, 10],
			"to": [8.5, 11, 11],
			"rotation": {"angle": 0, "axis": "y", "origin": [8, 8, 7]},
			"faces": {
				"north": {"uv": [2.75, 0.75, 3, 1], "texture": "#1"},
				"east": {"uv": [2.75, 0.75, 3, 1], "texture": "#1"},
				"south": {"uv": [2.75, 0.75, 3, 1], "texture": "#1"},
				"west": {"uv": [1.5, 0.75, 1.75, 1], "texture": "#1"}
			}
		},
		{
			"name": "head",
			"from": [5, 11, 7.5],
			"to": [11, 17, 13.5],
			"rotation": {"angle": 0, "axis": "y", "origin": [8, 8, 7]},
			"faces": {
				"north": {"uv": [2, 2, 4, 4], "texture": "#1"},
				"east": {"uv": [4, 2, 6, 4], "texture": "#1"},
				"south": {"uv": [6, 2, 8, 4], "texture": "#1"},
				"west": {"uv": [0, 2, 2, 4], "texture": "#1"},
				"up": {"uv": [2, 0, 4, 2], "texture": "#1"},
				"down": {"uv": [4, 0, 6, 2], "texture": "#1"}
			}
		},
		{
			"name": "head",
			"from": [4.9, 10.9, 7.4],
			"to": [11.1, 17.1, 13.6],
			"rotation": {"angle": 0, "axis": "y", "origin": [8, 8, 7]},
			"faces": {
				"north": {"uv": [10, 2, 12, 4], "texture": "#1"},
				"east": {"uv": [12, 2, 14, 4], "texture": "#1"},
				"south": {"uv": [14, 2, 16, 4], "texture": "#1"},
				"west": {"uv": [8, 2, 10, 4], "texture": "#1"},
				"up": {"uv": [10, 0, 12, 2], "texture": "#1"},
				"down": {"uv": [12, 0, 14, 2], "texture": "#1"}
			}
		}
	],
	"display": {
		"thirdperson": {
			"rotation": [95, 180, 0],
			"translation": [0, 1.25, -2],
			"scale": [0.75, 0.75, 0.75]
		},
		"firstperson": {
			"rotation": [0, 315, 0],
			"translation": [0, 3, -3],
			"scale": [1.75, 1.75, 1.75]
		},
		"ground": {
			"translation": [0, 2.5, 0]
		},
		"gui": {
			"rotation": [0, 270, 0],
			"scale": [1, 1, 1]
		},
		"head": {
			"rotation": [90, 140, 90],
			"translation": [-0.5, -2, 7.75]
		},
		"fixed": {
			"rotation": [0, 90, 0],
			"scale": [0.6, 0.6, 0.6]
		}
	},
	"groups": [
		{
			"name": "gun",
			"origin": [8, 8, 8],
			"children": [0, 1, 2, 3, 4]
		},
		{
			"name": "extension",
			"origin": [7.98953, 8.5096, 2.50089],
			"children": [5, 6, 7, 8]
		}, 9, 10, 11, 12, 13]
}