{
	"credit": "Made with Blockbench",
	"ambientocclusion": false,
	"textures": {
		"side": "blocks/bed_head_side",
		"particle": "blocks/bed_head_top",
		"top": "blocks/bed_head_top",
		"bottom": "blocks/planks_oak",
		"end": "blocks/bed_head_end"
	},
	"elements": [
		{
			"name": "Pillow",
			"from": [1, 9, 8.6],
			"to": [15, 9.6, 14.6],
			"rotation": {"angle": 0, "axis": "y", "origin": [0, 0, -0.4]},
			"faces": {
				"north": {"uv": [9, 2, 10, 14], "rotation": 270, "texture": "#top"},
				"east": {"uv": [15, 2, 9, 3], "texture": "#top"},
				"south": {"uv": [14, 2, 15, 14], "rotation": 90, "texture": "#top"},
				"west": {"uv": [9, 13, 15, 14], "texture": "#top"},
				"up": {"uv": [9, 1, 15, 15], "rotation": 90, "texture": "#top"}
			}
		},
		{
			"name": "Base",
			"from": [0.3, 5, 7.65],
			"to": [15.7, 9, 15.25],
			"rotation": {"angle": 0, "axis": "y", "origin": [0, 0, -0.35]},
			"faces": {
				"east": {"uv": [16, 7, 8, 11], "texture": "#side"},
				"south": {"uv": [0, 7, 16, 11], "texture": "#end"},
				"west": {"uv": [8, 7, 16, 11], "texture": "#side"},
				"up": {"uv": [8, 16, 16, 0], "rotation": 90, "texture": "#top"},
				"down": {"uv": [0, 0, 16, 16], "texture": "#bottom"}
			}
		},
		{
			"name": "Base",
			"from": [0, 3, 0],
			"to": [16, 5, 16],
			"faces": {
				"east": {"uv": [16, 2, 0, 4], "texture": "#bottom"},
				"south": {"uv": [0, 2, 16, 4], "texture": "#bottom"},
				"west": {"uv": [0, 2, 16, 4], "texture": "#bottom"},
				"up": {"uv": [0, 0, 16, 16], "rotation": 180, "texture": "#bottom"},
				"down": {"uv": [0, 0, 16, 16], "texture": "#bottom"}
			}
		},
		{
			"name": "Base",
			"from": [0.25, 4.975, 2],
			"to": [15.75, 9.45, 8],
			"faces": {
				"north": {"uv": [2, 7, 8, 11], "rotation": 180, "texture": "#side"},
				"east": {"uv": [8, 7, 2, 11], "texture": "#side"},
				"south": {"uv": [2, 7, 8, 11], "rotation": 180, "texture": "#side"},
				"west": {"uv": [2, 7, 8, 11], "texture": "#side"},
				"up": {"uv": [2, 16, 8, 0], "rotation": 90, "texture": "#top"},
				"down": {"uv": [0, 0, 8, 16], "rotation": 270, "texture": "#top"}
			}
		},
		{
			"name": "Base",
			"from": [0.5, 5, 0],
			"to": [15.5, 9.25, 7.8],
			"faces": {
				"east": {"uv": [8, 7, 0, 11], "texture": "#side"},
				"south": {"uv": [2, 7, 8, 11], "rotation": 180, "texture": "#side"},
				"west": {"uv": [0, 7, 8, 11], "texture": "#side"},
				"up": {"uv": [0, 16, 8, 0], "rotation": 90, "texture": "#top"},
				"down": {"uv": [0, 0, 8, 16], "rotation": 270, "texture": "#top"}
			}
		},
		{
			"name": "Leg L",
			"from": [14, 0, 14],
			"to": [16, 3, 16],
			"rotation": {"angle": 0, "axis": "y", "origin": [1, 0, 1]},
			"faces": {
				"north": {"uv": [0, 13, 2, 16], "texture": "#bottom"},
				"east": {"uv": [0, 13, 2, 16], "texture": "#bottom"},
				"south": {"uv": [0, 13, 2, 16], "texture": "#bottom"},
				"west": {"uv": [0, 13, 2, 16], "texture": "#bottom"},
				"down": {"uv": [1, 15, 2, 16], "texture": "#bottom"}
			}
		},
		{
			"name": "Leg R",
			"from": [0, 0, 14],
			"to": [2, 3, 16],
			"rotation": {"angle": 0, "axis": "y", "origin": [-1, 0, 1]},
			"faces": {
				"north": {"uv": [0, 13, 2, 16], "texture": "#bottom"},
				"east": {"uv": [0, 13, 2, 16], "texture": "#bottom"},
				"south": {"uv": [0, 13, 2, 16], "texture": "#bottom"},
				"west": {"uv": [0, 13, 2, 16], "texture": "#bottom"},
				"up": {"uv": [0, 13, 0, 13], "texture": "#bottom"},
				"down": {"uv": [1, 15, 2, 16], "texture": "#bottom"}
			}
		},
		{
			"from": [0, 5, 15],
			"to": [16, 12, 16],
			"rotation": {"angle": 0, "axis": "y", "origin": [-15, -6, 0]},
			"faces": {
				"north": {"uv": [0, 3, 16, 10], "texture": "#bottom"},
				"east": {"uv": [0, 3, 1, 10], "texture": "#bottom"},
				"south": {"uv": [0, 3, 16, 10], "texture": "#bottom"},
				"west": {"uv": [0, 3, 1, 10], "texture": "#bottom"},
				"up": {"uv": [0, 3, 16, 4], "texture": "#bottom"},
				"down": {"uv": [0, 3, 16, 10], "texture": "#bottom"}
			}
		},
		{
			"from": [0, 12, 15],
			"to": [2, 13, 16],
			"rotation": {"angle": 0, "axis": "y", "origin": [0, 12, 15]},
			"faces": {
				"north": {"uv": [0, 2, 1, 3], "texture": "#bottom"},
				"east": {"uv": [0, 2, 1, 3], "texture": "#bottom"},
				"south": {"uv": [0, 2, 1, 3], "texture": "#bottom"},
				"west": {"uv": [0, 2, 1, 3], "texture": "#bottom"},
				"up": {"uv": [0, 2, 1, 3], "texture": "#bottom"},
				"down": {"uv": [0, 2, 1, 3], "texture": "#bottom"}
			}
		},
		{
			"from": [14, 12, 15],
			"to": [16, 13, 16],
			"rotation": {"angle": 0, "axis": "y", "origin": [15, 12, 15]},
			"faces": {
				"north": {"uv": [15, 2, 16, 3], "texture": "#bottom"},
				"east": {"uv": [15, 2, 16, 3], "texture": "#bottom"},
				"south": {"uv": [15, 2, 16, 3], "texture": "#bottom"},
				"west": {"uv": [15, 2, 16, 3], "texture": "#bottom"},
				"up": {"uv": [15, 2, 16, 3], "texture": "#bottom"},
				"down": {"uv": [15, 2, 16, 3], "texture": "#bottom"}
			}
		}
	]
}