{
	"credit": "Made with Blockbench",
	"ambientocclusion": false,
	"textures": {
		"particle": "blocks/rail_normal_turned",
		"rail": "blocks/rail_normal_turned"
	},
	"elements": [
		{
			"from": [0, 1, 0],
			"to": [16, 1, 16],
			"faces": {
				"up": {"uv": [0, 0, 16, 16], "texture": "#rail"},
				"down": {"uv": [0, 16, 16, 0], "texture": "#rail"}
			}
		},
		{
			"from": [2, 0, 14],
			"to": [4, 1, 16],
			"faces": {
				"north": {"uv": [2, 14, 4, 16], "texture": "#rail"},
				"east": {"uv": [3, 14, 4, 16], "texture": "#rail"},
				"south": {"uv": [2, 14, 4, 16], "texture": "#rail"},
				"west": {"uv": [2, 14, 3, 16], "texture": "#rail"},
				"up": {"uv": [2, 14, 4, 16], "texture": "#rail"},
				"down": {"uv": [2, 14, 4, 16], "texture": "#rail"}
			}
		},
		{
			"from": [7, 0, 14],
			"to": [16, 1, 15],
			"faces": {
				"north": {"uv": [7, 14, 16, 15], "rotation": 180, "texture": "#rail"},
				"east": {"uv": [15, 14, 16, 15], "texture": "#rail"},
				"south": {"uv": [7, 14, 16, 15], "texture": "#rail"},
				"west": {"uv": [7, 14, 8, 15], "texture": "#rail"},
				"up": {"uv": [7, 14, 16, 15], "texture": "#rail"},
				"down": {"uv": [7, 14, 16, 15], "texture": "#rail"}
			}
		},
		{
			"from": [10, 0, 15],
			"to": [15, 1, 16],
			"faces": {
				"north": {"uv": [10, 15, 15, 16], "texture": "#rail"},
				"east": {"uv": [14, 15, 15, 16], "texture": "#rail"},
				"south": {"uv": [10, 15, 15, 16], "texture": "#rail"},
				"west": {"uv": [10, 15, 11, 16], "texture": "#rail"},
				"up": {"uv": [10, 15, 15, 16], "texture": "#rail"},
				"down": {"uv": [10, 15, 15, 16], "texture": "#rail"}
			}
		},
		{
			"from": [2, 0, 13],
			"to": [10, 1, 14],
			"faces": {
				"north": {"uv": [2, 13, 10, 14], "rotation": 180, "texture": "#rail"},
				"east": {"uv": [9, 13, 10, 14], "texture": "#rail"},
				"south": {"uv": [2, 13, 10, 14], "texture": "#rail"},
				"west": {"uv": [2, 13, 3, 14], "texture": "#rail"},
				"up": {"uv": [2, 13, 10, 14], "texture": "#rail"},
				"down": {"uv": [2, 13, 10, 14], "texture": "#rail"}
			}
		},
		{
			"from": [1, 0, 12],
			"to": [7, 1, 13],
			"faces": {
				"north": {"uv": [1, 12, 7, 13], "rotation": 180, "texture": "#rail"},
				"east": {"uv": [6, 12, 7, 13], "texture": "#rail"},
				"south": {"uv": [1, 12, 7, 13], "texture": "#rail"},
				"west": {"uv": [1, 12, 2, 13], "texture": "#rail"},
				"up": {"uv": [1, 12, 7, 13], "texture": "#rail"},
				"down": {"uv": [1, 12, 7, 13], "texture": "#rail"}
			}
		},
		{
			"from": [1, 0, 11],
			"to": [5, 1, 12],
			"faces": {
				"north": {"uv": [1, 11, 5, 12], "rotation": 180, "texture": "#rail"},
				"east": {"uv": [4, 11, 5, 12], "texture": "#rail"},
				"south": {"uv": [1, 11, 5, 12], "texture": "#rail"},
				"west": {"uv": [1, 11, 2, 12], "texture": "#rail"},
				"up": {"uv": [1, 11, 5, 12], "texture": "#rail"},
				"down": {"uv": [1, 11, 5, 12], "texture": "#rail"}
			}
		},
		{
			"from": [3, 0, 10],
			"to": [5, 1, 11],
			"faces": {
				"north": {"uv": [3, 10, 4, 11], "texture": "#rail"},
				"east": {"uv": [4, 10, 5, 11], "texture": "#rail"},
				"south": {"uv": [3, 10, 5, 11], "texture": "#rail"},
				"west": {"uv": [3, 10, 4, 11], "texture": "#rail"},
				"up": {"uv": [3, 10, 5, 11], "texture": "#rail"},
				"down": {"uv": [3, 10, 5, 11], "texture": "#rail"}
			}
		},
		{
			"from": [4, 0, 8],
			"to": [6, 1, 10],
			"faces": {
				"north": {"uv": [4, 8, 5, 10], "texture": "#rail"},
				"east": {"uv": [5, 8, 6, 10], "texture": "#rail"},
				"south": {"uv": [4, 8, 6, 10], "texture": "#rail"},
				"west": {"uv": [4, 8, 5, 10], "texture": "#rail"},
				"up": {"uv": [4, 8, 6, 10], "texture": "#rail"},
				"down": {"uv": [4, 8, 6, 10], "texture": "#rail"}
			}
		},
		{
			"from": [5, 0, 6],
			"to": [8, 1, 7],
			"faces": {
				"north": {"uv": [5, 6, 8, 7], "texture": "#rail"},
				"east": {"uv": [7, 6, 8, 7], "texture": "#rail"},
				"south": {"uv": [5, 6, 8, 7], "texture": "#rail"},
				"west": {"uv": [5, 6, 6, 7], "texture": "#rail"},
				"up": {"uv": [5, 6, 8, 7], "texture": "#rail"},
				"down": {"uv": [5, 6, 8, 7], "texture": "#rail"}
			}
		},
		{
			"from": [5, 0, 5],
			"to": [10, 1, 6],
			"faces": {
				"north": {"uv": [5, 5, 6, 10], "rotation": 90, "texture": "#rail"},
				"east": {"uv": [9, 5, 10, 6], "texture": "#rail"},
				"south": {"uv": [5, 5, 10, 6], "texture": "#rail"},
				"west": {"uv": [5, 5, 6, 6], "texture": "#rail"},
				"up": {"uv": [5, 5, 10, 6], "texture": "#rail"},
				"down": {"uv": [5, 5, 10, 6], "texture": "#rail"}
			}
		},
		{
			"from": [10, 0, 3],
			"to": [16, 1, 4],
			"faces": {
				"north": {"uv": [10, 3, 11, 4], "texture": "#rail"},
				"east": {"uv": [15, 3, 16, 4], "texture": "#rail"},
				"south": {"uv": [10, 3, 16, 4], "texture": "#rail"},
				"west": {"uv": [10, 3, 11, 4], "texture": "#rail"},
				"up": {"uv": [10, 3, 16, 4], "texture": "#rail"},
				"down": {"uv": [10, 3, 16, 4], "texture": "#rail"}
			}
		},
		{
			"from": [11, 0, 2],
			"to": [16, 1, 3],
			"faces": {
				"north": {"uv": [11, 2, 16, 3], "rotation": 180, "texture": "#rail"},
				"east": {"uv": [15, 2, 16, 3], "texture": "#rail"},
				"south": {"uv": [11, 2, 16, 3], "texture": "#rail"},
				"west": {"uv": [11, 2, 12, 3], "texture": "#rail"},
				"up": {"uv": [11, 2, 16, 3], "texture": "#rail"},
				"down": {"uv": [11, 2, 16, 3], "texture": "#rail"}
			}
		},
		{
			"from": [11, 0, 1],
			"to": [13, 1, 2],
			"faces": {
				"north": {"uv": [11, 1, 13, 2], "rotation": 180, "texture": "#rail"},
				"east": {"uv": [12, 1, 13, 2], "texture": "#rail"},
				"south": {"uv": [11, 1, 13, 2], "texture": "#rail"},
				"west": {"uv": [11, 1, 12, 2], "texture": "#rail"},
				"up": {"uv": [11, 1, 13, 2], "texture": "#rail"},
				"down": {"uv": [11, 1, 13, 2], "texture": "#rail"}
			}
		},
		{
			"from": [8, 0, 4],
			"to": [14, 1, 5],
			"faces": {
				"north": {"uv": [8, 4, 9, 5], "texture": "#rail"},
				"east": {"uv": [13, 4, 14, 5], "texture": "#rail"},
				"south": {"uv": [8, 4, 14, 5], "texture": "#rail"},
				"west": {"uv": [8, 4, 9, 5], "texture": "#rail"},
				"up": {"uv": [8, 4, 14, 5], "texture": "#rail"},
				"down": {"uv": [8, 4, 14, 5], "texture": "#rail"}
			}
		},
		{
			"from": [5, 0, 7],
			"to": [9, 1, 8],
			"faces": {
				"north": {"uv": [8, 7, 9, 8], "texture": "#rail"},
				"east": {"uv": [8, 7, 9, 8], "texture": "#rail"},
				"south": {"uv": [5, 7, 9, 8], "texture": "#rail"},
				"west": {"uv": [5, 7, 6, 8], "texture": "#rail"},
				"up": {"uv": [5, 7, 9, 8], "texture": "#rail"},
				"down": {"uv": [5, 7, 9, 8], "texture": "#rail"}
			}
		},
		{
			"from": [8, 0, 9],
			"to": [11, 1, 10],
			"faces": {
				"north": {"uv": [10, 9, 11, 10], "texture": "#rail"},
				"east": {"uv": [10, 9, 11, 10], "texture": "#rail"},
				"south": {"uv": [8, 9, 11, 10], "texture": "#rail"},
				"west": {"uv": [8, 9, 9, 10], "texture": "#rail"},
				"up": {"uv": [8, 9, 11, 10], "texture": "#rail"},
				"down": {"uv": [8, 9, 11, 10], "texture": "#rail"}
			}
		},
		{
			"from": [9, 0, 10],
			"to": [12, 1, 11],
			"faces": {
				"north": {"uv": [11, 10, 12, 11], "texture": "#rail"},
				"east": {"uv": [11, 10, 12, 11], "texture": "#rail"},
				"south": {"uv": [9, 10, 12, 11], "texture": "#rail"},
				"west": {"uv": [9, 10, 10, 11], "texture": "#rail"},
				"up": {"uv": [9, 10, 12, 11], "texture": "#rail"},
				"down": {"uv": [9, 10, 12, 11], "texture": "#rail"}
			}
		},
		{
			"from": [10, 0, 11],
			"to": [13, 1, 12],
			"faces": {
				"north": {"uv": [12, 11, 13, 12], "texture": "#rail"},
				"east": {"uv": [12, 11, 13, 12], "texture": "#rail"},
				"south": {"uv": [10, 11, 11, 12], "texture": "#rail"},
				"west": {"uv": [10, 11, 11, 12], "texture": "#rail"},
				"up": {"uv": [10, 11, 13, 12], "texture": "#rail"},
				"down": {"uv": [10, 11, 13, 12], "texture": "#rail"}
			}
		},
		{
			"from": [11, 0, 12],
			"to": [16, 1, 13],
			"faces": {
				"north": {"uv": [11, 12, 16, 13], "texture": "#rail"},
				"east": {"uv": [15, 12, 16, 13], "texture": "#rail"},
				"south": {"uv": [11, 12, 16, 13], "texture": "#rail"},
				"west": {"uv": [11, 12, 12, 13], "texture": "#rail"},
				"up": {"uv": [11, 12, 16, 13], "texture": "#rail"},
				"down": {"uv": [11, 12, 16, 13], "texture": "#rail"}
			}
		},
		{
			"from": [14, 0, 10],
			"to": [16, 1, 12],
			"faces": {
				"north": {"uv": [15, 10, 16, 11], "texture": "#rail"},
				"east": {"uv": [15, 10, 16, 12], "rotation": 90, "texture": "#rail"},
				"south": {"uv": [14, 10, 16, 12], "texture": "#rail"},
				"west": {"uv": [14, 10, 15, 12], "rotation": 270, "texture": "#rail"},
				"up": {"uv": [14, 10, 16, 12], "texture": "#rail"},
				"down": {"uv": [14, 10, 16, 12], "texture": "#rail"}
			}
		},
		{
			"from": [13, 0, 7],
			"to": [15, 1, 10],
			"faces": {
				"north": {"uv": [14, 8, 15, 9], "rotation": 90, "texture": "#rail"},
				"east": {"uv": [14, 7, 15, 10], "rotation": 90, "texture": "#rail"},
				"south": {"uv": [13, 8, 14, 9], "texture": "#rail"},
				"west": {"uv": [13, 7, 14, 10], "rotation": 270, "texture": "#rail"},
				"up": {"uv": [13, 7, 15, 10], "texture": "#rail"},
				"down": {"uv": [13, 7, 15, 10], "texture": "#rail"}
			}
		},
		{
			"from": [12, 0, 5],
			"to": [14, 1, 7],
			"faces": {
				"north": {"uv": [12, 5, 14, 7], "texture": "#rail"},
				"east": {"uv": [13, 5, 14, 7], "rotation": 90, "texture": "#rail"},
				"south": {"uv": [12, 5, 14, 7], "texture": "#rail"},
				"west": {"uv": [12, 5, 13, 7], "texture": "#rail"},
				"up": {"uv": [12, 5, 14, 7], "texture": "#rail"},
				"down": {"uv": [12, 5, 14, 7], "texture": "#rail"}
			}
		},
		{
			"from": [12, 0, 13],
			"to": [16, 1, 14],
			"faces": {
				"north": {"uv": [12, 13, 16, 14], "texture": "#rail"},
				"east": {"uv": [15, 13, 16, 14], "texture": "#rail"},
				"south": {"uv": [12, 13, 16, 14], "texture": "#rail"},
				"west": {"uv": [12, 13, 13, 14], "texture": "#rail"},
				"up": {"uv": [12, 13, 16, 14], "texture": "#rail"},
				"down": {"uv": [12, 13, 16, 14], "texture": "#rail"}
			}
		},
		{
			"from": [7, 0, 8],
			"to": [10, 1, 9],
			"faces": {
				"north": {"uv": [9, 8, 10, 9], "texture": "#rail"},
				"east": {"uv": [9, 8, 10, 9], "texture": "#rail"},
				"south": {"uv": [7, 8, 10, 9], "texture": "#rail"},
				"west": {"uv": [7, 8, 8, 9], "texture": "#rail"},
				"up": {"uv": [7, 8, 10, 9], "texture": "#rail"},
				"down": {"uv": [7, 8, 10, 9], "texture": "#rail"}
			}
		}
	]
}