{
	"credit": "Made with Blockbench",
	"ambientocclusion": false,
	"textures": {
		"1": "blocks/lily_flower",
		"particle": "blocks/waterlily2",
		"texture": "blocks/waterlily2"
	},
	"elements": [
		{
			"from": [0, 0.25, 0],
			"to": [16, 0.25, 16],
			"faces": {
				"up": {"uv": [16, 0, 0, 16], "texture": "#texture", "tintindex": 0},
				"down": {"uv": [16, 16, 0, 0], "texture": "#texture", "tintindex": 0}
			}
		},
		{
			"from": [10.75, 0.25, 2.79289],
			"to": [10.75, 2.25, 7.79289],
			"rotation": {"angle": 0, "axis": "y", "origin": [8, 14.25, 7.29289]},
			"faces": {
				"north": {"uv": [0, 0, 0, 3], "texture": "#1"},
				"east": {"uv": [0, 0, 5, 3], "texture": "#1"},
				"south": {"uv": [0, 0, 0, 3], "texture": "#1"},
				"west": {"uv": [0, 0, 5, 3], "texture": "#1"},
				"up": {"uv": [0, 0, 0, 5], "texture": "#1"},
				"down": {"uv": [0, 0, 0, 5], "texture": "#1"}
			}
		},
		{
			"from": [8.25, 0.25, 5.29289],
			"to": [13.25, 2.25, 5.29289],
			"rotation": {"angle": 0, "axis": "y", "origin": [8, 14.25, 7.29289]},
			"faces": {
				"north": {"uv": [5, 0, 10, 3], "texture": "#1"},
				"east": {"uv": [0, 0, 0, 3], "texture": "#1"},
				"south": {"uv": [5, 0, 10, 3], "texture": "#1"},
				"west": {"uv": [0, 0, 0, 3], "texture": "#1"},
				"up": {"uv": [0, 0, 0, 5], "rotation": 270, "texture": "#1"},
				"down": {"uv": [0, 0, 0, 5], "rotation": 90, "texture": "#1"}
			}
		}
	]
}